,Survived,Pclass,Fare,Gender,AgeFill,Cabin_t,Embarked_t,FamilySize,Age*Class,Fare_Cat,Age_Cat
0,0,3,7.25,1,22.0,0,1,1,66.0,3.0,2.0
1,1,1,71.2833,0,38.0,1,2,1,38.0,1.0,3.0
2,1,3,7.925,0,26.0,0,1,0,78.0,3.0,2.0
3,1,1,53.1,0,35.0,1,1,1,35.0,2.0,2.0
4,0,3,8.05,1,35.0,0,1,0,105.0,3.0,2.0
5,0,3,8.4583,1,25.0,0,3,0,75.0,3.0,2.0
6,0,1,51.8625,1,54.0,1,1,0,54.0,2.0,3.0
7,0,3,21.075,1,2.0,0,1,4,6.0,2.0,1.0
8,1,3,11.1333,0,27.0,0,1,2,81.0,2.0,2.0
9,1,2,30.0708,0,14.0,0,2,1,28.0,2.0,1.0
10,1,3,16.7,0,4.0,1,1,2,12.0,2.0,1.0
11,1,1,26.55,0,58.0,1,1,0,58.0,2.0,3.0
12,0,3,8.05,1,20.0,0,1,0,60.0,3.0,2.0
13,0,3,31.275,1,39.0,0,1,6,117.0,2.0,3.0
14,0,3,7.8542,0,14.0,0,1,0,42.0,3.0,1.0
15,1,2,16.0,0,55.0,0,1,0,110.0,2.0,3.0
16,0,3,29.125,1,2.0,0,3,5,6.0,2.0,1.0
17,1,2,13.0,1,30.0,0,1,0,60.0,2.0,2.0
18,0,3,18.0,0,31.0,0,1,1,93.0,2.0,2.0
19,1,3,7.225,0,21.5,0,2,0,64.5,3.0,2.0
20,0,2,26.0,1,35.0,0,1,0,70.0,2.0,2.0
21,1,2,13.0,1,34.0,1,1,0,68.0,2.0,2.0
22,1,3,8.0292,0,15.0,0,3,0,45.0,3.0,1.0
23,1,1,35.5,1,28.0,1,1,0,28.0,2.0,2.0
24,0,3,21.075,0,8.0,0,1,4,24.0,2.0,1.0
25,1,3,31.3875,0,38.0,0,1,6,114.0,2.0,3.0
26,0,3,7.225,1,25.0,0,2,0,75.0,3.0,2.0
27,0,1,263.0,1,19.0,1,1,5,19.0,1.0,2.0
28,1,3,7.8792,0,21.5,0,3,0,64.5,3.0,2.0
29,0,3,7.8958,1,25.0,0,1,0,75.0,3.0,2.0
30,0,1,27.7208,1,40.0,0,2,0,40.0,2.0,3.0
31,1,1,146.5208,0,35.0,1,2,1,35.0,1.0,2.0
32,1,3,7.75,0,21.5,0,3,0,64.5,3.0,2.0
33,0,2,10.5,1,66.0,0,1,0,132.0,2.0,3.0
34,0,1,82.1708,1,28.0,0,2,1,28.0,1.0,2.0
35,0,1,52.0,1,42.0,0,1,1,42.0,2.0,3.0
36,1,3,7.2292,1,25.0,0,2,0,75.0,3.0,2.0
37,0,3,8.05,1,21.0,0,1,0,63.0,3.0,2.0
38,0,3,18.0,0,18.0,0,1,2,54.0,2.0,2.0
39,1,3,11.2417,0,14.0,0,2,1,42.0,2.0,1.0
40,0,3,9.475,0,40.0,0,1,1,120.0,3.0,3.0
41,0,2,21.0,0,27.0,0,1,1,54.0,2.0,2.0
42,0,3,7.8958,1,25.0,0,2,0,75.0,3.0,2.0
43,1,2,41.5792,0,3.0,0,2,3,6.0,2.0,1.0
44,1,3,7.8792,0,19.0,0,3,0,57.0,3.0,2.0
45,0,3,8.05,1,25.0,0,1,0,75.0,3.0,2.0
46,0,3,15.5,1,25.0,0,3,1,75.0,2.0,2.0
47,1,3,7.75,0,21.5,0,3,0,64.5,3.0,2.0
48,0,3,21.6792,1,25.0,0,2,2,75.0,2.0,2.0
49,0,3,17.8,0,18.0,0,1,1,54.0,2.0,2.0
50,0,3,39.6875,1,7.0,0,1,5,21.0,2.0,1.0
51,0,3,7.8,1,21.0,0,1,0,63.0,3.0,2.0
52,1,1,76.7292,0,49.0,1,2,1,49.0,1.0,3.0
53,1,2,26.0,0,29.0,0,1,1,58.0,2.0,2.0
54,0,1,61.9792,1,65.0,1,2,1,65.0,2.0,3.0
55,1,1,35.5,1,40.0,1,1,0,40.0,2.0,3.0
56,1,2,10.5,0,21.0,0,1,0,42.0,2.0,2.0
57,0,3,7.2292,1,28.5,0,2,0,85.5,3.0,2.0
58,1,2,27.75,0,5.0,0,1,3,10.0,2.0,1.0
59,0,3,46.9,1,11.0,0,1,7,33.0,2.0,1.0
60,0,3,7.2292,1,22.0,0,2,0,66.0,3.0,2.0
61,1,1,80.0,0,38.0,1,1,0,38.0,1.0,3.0
62,0,1,83.475,1,45.0,1,1,1,45.0,1.0,3.0
63,0,3,27.9,1,4.0,0,1,5,12.0,2.0,1.0
64,0,1,27.7208,1,40.0,0,2,0,40.0,2.0,3.0
65,1,3,15.2458,1,25.0,0,2,2,75.0,2.0,2.0
66,1,2,10.5,0,29.0,1,1,0,58.0,2.0,2.0
67,0,3,8.1583,1,19.0,0,1,0,57.0,3.0,2.0
68,1,3,7.925,0,17.0,0,1,6,51.0,3.0,2.0
69,0,3,8.6625,1,26.0,0,1,2,78.0,3.0,2.0
70,0,2,10.5,1,32.0,0,1,0,64.0,2.0,2.0
71,0,3,46.9,0,16.0,0,1,7,48.0,2.0,2.0
72,0,2,73.5,1,21.0,0,1,0,42.0,1.0,2.0
73,0,3,14.4542,1,26.0,0,2,1,78.0,2.0,2.0
74,1,3,56.4958,1,32.0,0,1,0,96.0,2.0,2.0
75,0,3,7.65,1,25.0,1,1,0,75.0,3.0,2.0
76,0,3,7.8958,1,25.0,0,1,0,75.0,3.0,2.0
77,0,3,8.05,1,25.0,0,1,0,75.0,3.0,2.0
78,1,2,29.0,1,0.83,0,1,2,1.66,2.0,1.0
79,1,3,12.475,0,30.0,0,1,0,90.0,2.0,2.0
80,0,3,9.0,1,22.0,0,1,0,66.0,3.0,2.0
81,1,3,9.5,1,29.0,0,1,0,87.0,3.0,2.0
82,1,3,7.7875,0,21.5,0,3,0,64.5,3.0,2.0
83,0,1,47.1,1,28.0,0,1,0,28.0,2.0,2.0
84,1,2,10.5,0,17.0,0,1,0,34.0,2.0,2.0
85,1,3,15.85,0,33.0,0,1,3,99.0,2.0,2.0
86,0,3,34.375,1,16.0,0,1,4,48.0,2.0,2.0
87,0,3,8.05,1,25.0,0,1,0,75.0,3.0,2.0
88,1,1,263.0,0,23.0,1,1,5,23.0,1.0,2.0
89,0,3,8.05,1,24.0,0,1,0,72.0,3.0,2.0
90,0,3,8.05,1,29.0,0,1,0,87.0,3.0,2.0
91,0,3,7.8542,1,20.0,0,1,0,60.0,3.0,2.0
92,0,1,61.175,1,46.0,1,1,1,46.0,2.0,3.0
93,0,3,20.575,1,26.0,0,1,3,78.0,2.0,2.0
94,0,3,7.25,1,59.0,0,1,0,177.0,3.0,3.0
95,0,3,8.05,1,25.0,0,1,0,75.0,3.0,2.0
96,0,1,34.6542,1,71.0,1,2,0,71.0,2.0,3.0
97,1,1,63.3583,1,23.0,1,2,1,23.0,2.0,2.0
98,1,2,23.0,0,34.0,0,1,1,68.0,2.0,2.0
99,0,2,26.0,1,34.0,0,1,1,68.0,2.0,2.0
100,0,3,7.8958,0,28.0,0,1,0,84.0,3.0,2.0
101,0,3,7.8958,1,25.0,0,1,0,75.0,3.0,2.0
102,0,1,77.2875,1,21.0,1,1,1,21.0,1.0,2.0
103,0,3,8.6542,1,33.0,0,1,0,99.0,3.0,2.0
104,0,3,7.925,1,37.0,0,1,2,111.0,3.0,3.0
105,0,3,7.8958,1,28.0,0,1,0,84.0,3.0,2.0
106,1,3,7.65,0,21.0,0,1,0,63.0,3.0,2.0
107,1,3,7.775,1,25.0,0,1,0,75.0,3.0,2.0
108,0,3,7.8958,1,38.0,0,1,0,114.0,3.0,3.0
109,1,3,24.15,0,21.5,0,3,1,64.5,2.0,2.0
110,0,1,52.0,1,47.0,1,1,0,47.0,2.0,3.0
111,0,3,14.4542,0,14.5,0,2,1,43.5,2.0,1.0
112,0,3,8.05,1,22.0,0,1,0,66.0,3.0,2.0
113,0,3,9.825,0,20.0,0,1,1,60.0,3.0,2.0
114,0,3,14.4583,0,17.0,0,2,0,51.0,2.0,2.0
115,0,3,7.925,1,21.0,0,1,0,63.0,3.0,2.0
116,0,3,7.75,1,70.5,0,3,0,211.5,3.0,3.0
117,0,2,21.0,1,29.0,0,1,1,58.0,2.0,2.0
118,0,1,247.5208,1,24.0,1,2,1,24.0,1.0,2.0
119,0,3,31.275,0,2.0,0,1,6,6.0,2.0,1.0
120,0,2,73.5,1,21.0,0,1,2,42.0,1.0,2.0
121,0,3,8.05,1,25.0,0,1,0,75.0,3.0,2.0
122,0,2,30.0708,1,32.5,0,2,1,65.0,2.0,2.0
123,1,2,13.0,0,32.5,1,1,0,65.0,2.0,2.0
124,0,1,77.2875,1,54.0,1,1,1,54.0,1.0,3.0
125,1,3,11.2417,1,12.0,0,2,1,36.0,2.0,1.0
126,0,3,7.75,1,25.0,0,3,0,75.0,3.0,2.0
127,1,3,7.1417,1,24.0,0,1,0,72.0,3.0,2.0
128,1,3,22.3583,0,21.5,1,2,2,64.5,2.0,2.0
129,0,3,6.975,1,45.0,0,1,0,135.0,3.0,3.0
130,0,3,7.8958,1,33.0,0,2,0,99.0,3.0,2.0
131,0,3,7.05,1,20.0,0,1,0,60.0,3.0,2.0
132,0,3,14.5,0,47.0,0,1,1,141.0,2.0,3.0
133,1,2,26.0,0,29.0,0,1,1,58.0,2.0,2.0
134,0,2,13.0,1,25.0,0,1,0,50.0,2.0,2.0
135,0,2,15.0458,1,23.0,0,2,0,46.0,2.0,2.0
136,1,1,26.2833,0,19.0,1,1,2,19.0,2.0,2.0
137,0,1,53.1,1,37.0,1,1,1,37.0,2.0,3.0
138,0,3,9.2167,1,16.0,0,1,0,48.0,3.0,2.0
139,0,1,79.2,1,24.0,1,2,0,24.0,1.0,2.0
140,0,3,15.2458,0,21.5,0,2,2,64.5,2.0,2.0
141,1,3,7.75,0,22.0,0,1,0,66.0,3.0,2.0
142,1,3,15.85,0,24.0,0,1,1,72.0,2.0,2.0
143,0,3,6.75,1,19.0,0,3,0,57.0,3.0,2.0
144,0,2,11.5,1,18.0,0,1,0,36.0,2.0,2.0
145,0,2,36.75,1,19.0,0,1,2,38.0,2.0,2.0
146,1,3,7.7958,1,27.0,0,1,0,81.0,3.0,2.0
147,0,3,34.375,0,9.0,0,1,4,27.0,2.0,1.0
148,0,2,26.0,1,36.5,1,1,2,73.0,2.0,3.0
149,0,2,13.0,1,42.0,0,1,0,84.0,2.0,3.0
150,0,2,12.525,1,51.0,0,1,0,102.0,2.0,3.0
151,1,1,66.6,0,22.0,1,1,1,22.0,2.0,2.0
152,0,3,8.05,1,55.5,0,1,0,166.5,3.0,3.0
153,0,3,14.5,1,40.5,0,1,2,121.5,2.0,3.0
154,0,3,7.3125,1,25.0,0,1,0,75.0,3.0,2.0
155,0,1,61.3792,1,51.0,0,2,1,51.0,2.0,3.0
156,1,3,7.7333,0,16.0,0,3,0,48.0,3.0,2.0
157,0,3,8.05,1,30.0,0,1,0,90.0,3.0,2.0
158,0,3,8.6625,1,25.0,0,1,0,75.0,3.0,2.0
159,0,3,69.55,1,25.0,0,1,10,75.0,2.0,2.0
160,0,3,16.1,1,44.0,0,1,1,132.0,2.0,3.0
161,1,2,15.75,0,40.0,0,1,0,80.0,2.0,3.0
162,0,3,7.775,1,26.0,0,1,0,78.0,3.0,2.0
163,0,3,8.6625,1,17.0,0,1,0,51.0,3.0,2.0
164,0,3,39.6875,1,1.0,0,1,5,3.0,2.0,1.0
165,1,3,20.525,1,9.0,0,1,2,27.0,2.0,1.0
166,1,1,55.0,0,35.0,1,1,1,35.0,2.0,2.0
167,0,3,27.9,0,45.0,0,1,5,135.0,2.0,3.0
168,0,1,25.925,1,40.0,0,1,0,40.0,2.0,3.0
169,0,3,56.4958,1,28.0,0,1,0,84.0,2.0,2.0
170,0,1,33.5,1,61.0,1,1,0,61.0,2.0,3.0
171,0,3,29.125,1,4.0,0,3,5,12.0,2.0,1.0
172,1,3,11.1333,0,1.0,0,1,2,3.0,2.0,1.0
173,0,3,7.925,1,21.0,0,1,0,63.0,3.0,2.0
174,0,1,30.6958,1,56.0,1,2,0,56.0,2.0,3.0
175,0,3,7.8542,1,18.0,0,1,2,54.0,3.0,2.0
176,0,3,25.4667,1,25.0,0,1,4,75.0,2.0,2.0
177,0,1,28.7125,0,50.0,1,2,0,50.0,2.0,3.0
178,0,2,13.0,1,30.0,0,1,0,60.0,2.0,2.0
179,0,3,0.0,1,36.0,0,1,0,108.0,3.0,3.0
180,0,3,69.55,0,21.5,0,1,10,64.5,2.0,2.0
181,0,2,15.05,1,30.0,0,2,0,60.0,2.0,2.0
182,0,3,31.3875,1,9.0,0,1,6,27.0,2.0,1.0
183,1,2,39.0,1,1.0,1,1,3,2.0,2.0,1.0
184,1,3,22.025,0,4.0,0,1,2,12.0,2.0,1.0
185,0,1,50.0,1,40.0,1,1,0,40.0,2.0,3.0
186,1,3,15.5,0,21.5,0,3,1,64.5,2.0,2.0
187,1,1,26.55,1,45.0,0,1,0,45.0,2.0,3.0
188,0,3,15.5,1,40.0,0,3,2,120.0,2.0,3.0
189,0,3,7.8958,1,36.0,0,1,0,108.0,3.0,3.0
190,1,2,13.0,0,32.0,0,1,0,64.0,2.0,2.0
191,0,2,13.0,1,19.0,0,1,0,38.0,2.0,2.0
192,1,3,7.8542,0,19.0,0,1,1,57.0,3.0,2.0
193,1,2,26.0,1,3.0,1,1,2,6.0,2.0,1.0
194,1,1,27.7208,0,44.0,1,2,0,44.0,2.0,3.0
195,1,1,146.5208,0,58.0,1,2,0,58.0,1.0,3.0
196,0,3,7.75,1,25.0,0,3,0,75.0,3.0,2.0
197,0,3,8.4042,1,42.0,0,1,1,126.0,3.0,3.0
198,1,3,7.75,0,21.5,0,3,0,64.5,3.0,2.0
199,0,2,13.0,0,24.0,0,1,0,48.0,2.0,2.0
200,0,3,9.5,1,28.0,0,1,0,84.0,3.0,2.0
201,0,3,69.55,1,25.0,0,1,10,75.0,2.0,2.0
202,0,3,6.4958,1,34.0,0,1,0,102.0,3.0,2.0
203,0,3,7.225,1,45.5,0,2,0,136.5,3.0,3.0
204,1,3,8.05,1,18.0,0,1,0,54.0,3.0,2.0
205,0,3,10.4625,0,2.0,1,1,1,6.0,2.0,1.0
206,0,3,15.85,1,32.0,0,1,1,96.0,2.0,2.0
207,1,3,18.7875,1,26.0,0,2,0,78.0,2.0,2.0
208,1,3,7.75,0,16.0,0,3,0,48.0,3.0,2.0
209,1,1,31.0,1,40.0,1,2,0,40.0,2.0,3.0
210,0,3,7.05,1,24.0,0,1,0,72.0,3.0,2.0
211,1,2,21.0,0,35.0,0,1,0,70.0,2.0,2.0
212,0,3,7.25,1,22.0,0,1,0,66.0,3.0,2.0
213,0,2,13.0,1,30.0,0,1,0,60.0,2.0,2.0
214,0,3,7.75,1,25.0,0,3,1,75.0,3.0,2.0
215,1,1,113.275,0,31.0,1,2,1,31.0,1.0,2.0
216,1,3,7.925,0,27.0,0,1,0,81.0,3.0,2.0
217,0,2,27.0,1,42.0,0,1,1,84.0,2.0,3.0
218,1,1,76.2917,0,32.0,1,2,0,32.0,1.0,2.0
219,0,2,10.5,1,30.0,0,1,0,60.0,2.0,2.0
220,1,3,8.05,1,16.0,0,1,0,48.0,3.0,2.0
221,0,2,13.0,1,27.0,0,1,0,54.0,2.0,2.0
222,0,3,8.05,1,51.0,0,1,0,153.0,3.0,3.0
223,0,3,7.8958,1,25.0,0,1,0,75.0,3.0,2.0
224,1,1,90.0,1,38.0,1,1,1,38.0,1.0,3.0
225,0,3,9.35,1,22.0,0,1,0,66.0,3.0,2.0
226,1,2,10.5,1,19.0,0,1,0,38.0,2.0,2.0
227,0,3,7.25,1,20.5,0,1,0,61.5,3.0,2.0
228,0,2,13.0,1,18.0,0,1,0,36.0,2.0,2.0
229,0,3,25.4667,0,21.5,0,1,4,64.5,2.0,2.0
230,1,1,83.475,0,35.0,1,1,1,35.0,1.0,2.0
231,0,3,7.775,1,29.0,0,1,0,87.0,3.0,2.0
232,0,2,13.5,1,59.0,0,1,0,118.0,2.0,3.0
233,1,3,31.3875,0,5.0,0,1,6,15.0,2.0,1.0
234,0,2,10.5,1,24.0,0,1,0,48.0,2.0,2.0
235,0,3,7.55,0,21.5,0,1,0,64.5,3.0,2.0
236,0,2,26.0,1,44.0,0,1,1,88.0,2.0,3.0
237,1,2,26.25,0,8.0,0,1,2,16.0,2.0,1.0
238,0,2,10.5,1,19.0,0,1,0,38.0,2.0,2.0
239,0,2,12.275,1,33.0,0,1,0,66.0,2.0,2.0
240,0,3,14.4542,0,21.5,0,2,1,64.5,2.0,2.0
241,1,3,15.5,0,21.5,0,3,1,64.5,2.0,2.0
242,0,2,10.5,1,29.0,0,1,0,58.0,2.0,2.0
243,0,3,7.125,1,22.0,0,1,0,66.0,3.0,2.0
244,0,3,7.225,1,30.0,0,2,0,90.0,3.0,2.0
245,0,1,90.0,1,44.0,1,3,2,44.0,1.0,3.0
246,0,3,7.775,0,25.0,0,1,0,75.0,3.0,2.0
247,1,2,14.5,0,24.0,0,1,2,48.0,2.0,2.0
248,1,1,52.5542,1,37.0,1,1,2,37.0,2.0,3.0
249,0,2,26.0,1,54.0,0,1,1,108.0,2.0,3.0
250,0,3,7.25,1,25.0,0,1,0,75.0,3.0,2.0
251,0,3,10.4625,0,29.0,1,1,2,87.0,2.0,2.0
252,0,1,26.55,1,62.0,1,1,0,62.0,2.0,3.0
253,0,3,16.1,1,30.0,0,1,1,90.0,2.0,2.0
254,0,3,20.2125,0,41.0,0,1,2,123.0,2.0,3.0
255,1,3,15.2458,0,29.0,0,2,2,87.0,2.0,2.0
256,1,1,79.2,0,35.0,0,2,0,35.0,1.0,2.0
257,1,1,86.5,0,30.0,1,1,0,30.0,1.0,2.0
258,1,1,512.3292,0,35.0,0,2,0,35.0,1.0,2.0
259,1,2,26.0,0,50.0,0,1,1,100.0,2.0,3.0
260,0,3,7.75,1,25.0,0,3,0,75.0,3.0,2.0
261,1,3,31.3875,1,3.0,0,1,6,9.0,2.0,1.0
262,0,1,79.65,1,52.0,1,1,2,52.0,1.0,3.0
263,0,1,0.0,1,40.0,1,1,0,40.0,3.0,3.0
264,0,3,7.75,0,21.5,0,3,0,64.5,3.0,2.0
265,0,2,10.5,1,36.0,0,1,0,72.0,2.0,3.0
266,0,3,39.6875,1,16.0,0,1,5,48.0,2.0,2.0
267,1,3,7.775,1,25.0,0,1,1,75.0,3.0,2.0
268,1,1,153.4625,0,58.0,1,1,1,58.0,1.0,3.0
269,1,1,135.6333,0,35.0,1,1,0,35.0,1.0,2.0
270,0,1,31.0,1,40.0,0,1,0,40.0,2.0,3.0
271,1,3,0.0,1,25.0,0,1,0,75.0,3.0,2.0
272,1,2,19.5,0,41.0,0,1,1,82.0,2.0,3.0
273,0,1,29.7,1,37.0,1,2,1,37.0,2.0,3.0
274,1,3,7.75,0,21.5,0,3,0,64.5,3.0,2.0
275,1,1,77.9583,0,63.0,1,1,1,63.0,1.0,3.0
276,0,3,7.75,0,45.0,0,1,0,135.0,3.0,3.0
277,0,2,0.0,1,30.0,0,1,0,60.0,3.0,2.0
278,0,3,29.125,1,7.0,0,3,5,21.0,2.0,1.0
279,1,3,20.25,0,35.0,0,1,2,105.0,2.0,2.0
280,0,3,7.75,1,65.0,0,3,0,195.0,3.0,3.0
281,0,3,7.8542,1,28.0,0,1,0,84.0,3.0,2.0
282,0,3,9.5,1,16.0,0,1,0,48.0,3.0,2.0
283,1,3,8.05,1,19.0,0,1,0,57.0,3.0,2.0
284,0,1,26.0,1,40.0,1,1,0,40.0,2.0,3.0
285,0,3,8.6625,1,33.0,0,2,0,99.0,3.0,2.0
286,1,3,9.5,1,30.0,0,1,0,90.0,3.0,2.0
287,0,3,7.8958,1,22.0,0,1,0,66.0,3.0,2.0
288,1,2,13.0,1,42.0,0,1,0,84.0,2.0,3.0
289,1,3,7.75,0,22.0,0,3,0,66.0,3.0,2.0
290,1,1,78.85,0,26.0,0,1,0,26.0,1.0,2.0
291,1,1,91.0792,0,19.0,1,2,1,19.0,1.0,2.0
292,0,2,12.875,1,36.0,1,2,0,72.0,2.0,3.0
293,0,3,8.85,0,24.0,0,1,0,72.0,3.0,2.0
294,0,3,7.8958,1,24.0,0,1,0,72.0,3.0,2.0
295,0,1,27.7208,1,40.0,0,2,0,40.0,2.0,3.0
296,0,3,7.2292,1,23.5,0,2,0,70.5,3.0,2.0
297,0,1,151.55,0,2.0,1,1,3,2.0,1.0,1.0
298,1,1,30.5,1,40.0,1,1,0,40.0,2.0,3.0
299,1,1,247.5208,0,50.0,1,2,1,50.0,1.0,3.0
300,1,3,7.75,0,21.5,0,3,0,64.5,3.0,2.0
301,1,3,23.25,1,25.0,0,3,2,75.0,2.0,2.0
302,0,3,0.0,1,19.0,0,1,0,57.0,3.0,2.0
303,1,2,12.35,0,28.0,1,3,0,56.0,2.0,2.0
304,0,3,8.05,1,25.0,0,1,0,75.0,3.0,2.0
305,1,1,151.55,1,0.92,1,1,3,0.92,1.0,1.0
306,1,1,110.8833,0,35.0,0,2,0,35.0,1.0,2.0
307,1,1,108.9,0,17.0,1,2,1,17.0,1.0,2.0
308,0,2,24.0,1,30.0,0,2,1,60.0,2.0,2.0
309,1,1,56.9292,0,30.0,1,2,0,30.0,2.0,2.0
310,1,1,83.1583,0,24.0,1,2,0,24.0,1.0,2.0
311,1,1,262.375,0,18.0,1,2,4,18.0,1.0,2.0
312,0,2,26.0,0,26.0,0,1,2,52.0,2.0,2.0
313,0,3,7.8958,1,28.0,0,1,0,84.0,3.0,2.0
314,0,2,26.25,1,43.0,0,1,2,86.0,2.0,3.0
315,1,3,7.8542,0,26.0,0,1,0,78.0,3.0,2.0
316,1,2,26.0,0,24.0,0,1,1,48.0,2.0,2.0
317,0,2,14.0,1,54.0,0,1,0,108.0,2.0,3.0
318,1,1,164.8667,0,31.0,1,1,2,31.0,1.0,2.0
319,1,1,134.5,0,40.0,1,2,2,40.0,1.0,3.0
320,0,3,7.25,1,22.0,0,1,0,66.0,3.0,2.0
321,0,3,7.8958,1,27.0,0,1,0,81.0,3.0,2.0
322,1,2,12.35,0,30.0,0,3,0,60.0,2.0,2.0
323,1,2,29.0,0,22.0,0,1,2,44.0,2.0,2.0
324,0,3,69.55,1,25.0,0,1,10,75.0,2.0,2.0
325,1,1,135.6333,0,36.0,1,2,0,36.0,1.0,3.0
326,0,3,6.2375,1,61.0,0,1,0,183.0,3.0,3.0
327,1,2,13.0,0,36.0,1,1,0,72.0,2.0,3.0
328,1,3,20.525,0,31.0,0,1,2,93.0,2.0,2.0
329,1,1,57.9792,0,16.0,1,2,1,16.0,2.0,2.0
330,1,3,23.25,0,21.5,0,3,2,64.5,2.0,2.0
331,0,1,28.5,1,45.5,1,1,0,45.5,2.0,3.0
332,0,1,153.4625,1,38.0,1,1,1,38.0,1.0,3.0
333,0,3,18.0,1,16.0,0,1,2,48.0,2.0,2.0
334,1,1,133.65,0,35.0,0,1,1,35.0,1.0,2.0
335,0,3,7.8958,1,25.0,0,1,0,75.0,3.0,2.0
336,0,1,66.6,1,29.0,1,1,1,29.0,2.0,2.0
337,1,1,134.5,0,41.0,1,2,0,41.0,1.0,3.0
338,1,3,8.05,1,45.0,0,1,0,135.0,3.0,3.0
339,0,1,35.5,1,45.0,1,1,0,45.0,2.0,3.0
340,1,2,26.0,1,2.0,1,1,2,4.0,2.0,1.0
341,1,1,263.0,0,24.0,1,1,5,24.0,1.0,2.0
342,0,2,13.0,1,28.0,0,1,0,56.0,2.0,2.0
343,0,2,13.0,1,25.0,0,1,0,50.0,2.0,2.0
344,0,2,13.0,1,36.0,0,1,0,72.0,2.0,3.0
345,1,2,13.0,0,24.0,1,1,0,48.0,2.0,2.0
346,1,2,13.0,0,40.0,0,1,0,80.0,2.0,3.0
347,1,3,16.1,0,21.5,0,1,1,64.5,2.0,2.0
348,1,3,15.9,1,3.0,0,1,2,9.0,2.0,1.0
349,0,3,8.6625,1,42.0,0,1,0,126.0,3.0,3.0
350,0,3,9.225,1,23.0,0,1,0,69.0,3.0,2.0
351,0,1,35.0,1,40.0,1,1,0,40.0,2.0,3.0
352,0,3,7.2292,1,15.0,0,2,2,45.0,3.0,1.0
353,0,3,17.8,1,25.0,0,1,1,75.0,2.0,2.0
354,0,3,7.225,1,25.0,0,2,0,75.0,3.0,2.0
355,0,3,9.5,1,28.0,0,1,0,84.0,3.0,2.0
356,1,1,55.0,0,22.0,1,1,1,22.0,2.0,2.0
357,0,2,13.0,0,38.0,0,1,0,76.0,2.0,3.0
358,1,3,7.8792,0,21.5,0,3,0,64.5,3.0,2.0
359,1,3,7.8792,0,21.5,0,3,0,64.5,3.0,2.0
360,0,3,27.9,1,40.0,0,1,5,120.0,2.0,3.0
361,0,2,27.7208,1,29.0,0,2,1,58.0,2.0,2.0
362,0,3,14.4542,0,45.0,0,2,1,135.0,2.0,3.0
363,0,3,7.05,1,35.0,0,1,0,105.0,3.0,2.0
364,0,3,15.5,1,25.0,0,3,1,75.0,2.0,2.0
365,0,3,7.25,1,30.0,0,1,0,90.0,3.0,2.0
366,1,1,75.25,0,60.0,1,2,1,60.0,1.0,3.0
367,1,3,7.2292,0,21.5,0,2,0,64.5,3.0,2.0
368,1,3,7.75,0,21.5,0,3,0,64.5,3.0,2.0
369,1,1,69.3,0,24.0,1,2,0,24.0,2.0,2.0
370,1,1,55.4417,1,25.0,1,2,1,25.0,2.0,2.0
371,0,3,6.4958,1,18.0,0,1,1,54.0,3.0,2.0
372,0,3,8.05,1,19.0,0,1,0,57.0,3.0,2.0
373,0,1,135.6333,1,22.0,0,2,0,22.0,1.0,2.0
374,0,3,21.075,0,3.0,0,1,4,9.0,2.0,1.0
375,1,1,82.1708,0,35.0,0,2,1,35.0,1.0,2.0
376,1,3,7.25,0,22.0,0,1,0,66.0,3.0,2.0
377,0,1,211.5,1,27.0,1,2,2,27.0,1.0,2.0
378,0,3,4.0125,1,20.0,0,2,0,60.0,3.0,2.0
379,0,3,7.775,1,19.0,0,1,0,57.0,3.0,2.0
380,1,1,227.525,0,42.0,0,2,0,42.0,1.0,3.0
381,1,3,15.7417,0,1.0,0,2,2,3.0,2.0,1.0
382,0,3,7.925,1,32.0,0,1,0,96.0,3.0,2.0
383,1,1,52.0,0,35.0,0,1,1,35.0,2.0,2.0
384,0,3,7.8958,1,25.0,0,1,0,75.0,3.0,2.0
385,0,2,73.5,1,18.0,0,1,0,36.0,1.0,2.0
386,0,3,46.9,1,1.0,0,1,7,3.0,2.0,1.0
387,1,2,13.0,0,36.0,0,1,0,72.0,2.0,3.0
388,0,3,7.7292,1,25.0,0,3,0,75.0,3.0,2.0
389,1,2,12.0,0,17.0,0,2,0,34.0,2.0,2.0
390,1,1,120.0,1,36.0,1,1,3,36.0,1.0,3.0
391,1,3,7.7958,1,21.0,0,1,0,63.0,3.0,2.0
392,0,3,7.925,1,28.0,0,1,2,84.0,3.0,2.0
393,1,1,113.275,0,23.0,1,2,1,23.0,1.0,2.0
394,1,3,16.7,0,24.0,1,1,2,72.0,2.0,2.0
395,0,3,7.7958,1,22.0,0,1,0,66.0,3.0,2.0
396,0,3,7.8542,0,31.0,0,1,0,93.0,3.0,2.0
397,0,2,26.0,1,46.0,0,1,0,92.0,2.0,3.0
398,0,2,10.5,1,23.0,0,1,0,46.0,2.0,2.0
399,1,2,12.65,0,28.0,0,1,0,56.0,2.0,2.0
400,1,3,7.925,1,39.0,0,1,0,117.0,3.0,3.0
401,0,3,8.05,1,26.0,0,1,0,78.0,3.0,2.0
402,0,3,9.825,0,21.0,0,1,1,63.0,3.0,2.0
403,0,3,15.85,1,28.0,0,1,1,84.0,2.0,2.0
404,0,3,8.6625,0,20.0,0,1,0,60.0,3.0,2.0
405,0,2,21.0,1,34.0,0,1,1,68.0,2.0,2.0
406,0,3,7.75,1,51.0,0,1,0,153.0,3.0,3.0
407,1,2,18.75,1,3.0,0,1,2,6.0,2.0,1.0
408,0,3,7.775,1,21.0,0,1,0,63.0,3.0,2.0
409,0,3,25.4667,0,21.5,0,1,4,64.5,2.0,2.0
410,0,3,7.8958,1,25.0,0,1,0,75.0,3.0,2.0
411,0,3,6.8583,1,25.0,0,3,0,75.0,3.0,2.0
412,1,1,90.0,0,33.0,1,3,1,33.0,1.0,2.0
413,0,2,0.0,1,30.0,0,1,0,60.0,3.0,2.0
414,1,3,7.925,1,44.0,0,1,0,132.0,3.0,3.0
415,0,3,8.05,0,21.5,0,1,0,64.5,3.0,2.0
416,1,2,32.5,0,34.0,0,1,2,68.0,2.0,2.0
417,1,2,13.0,0,18.0,0,1,2,36.0,2.0,2.0
418,0,2,13.0,1,30.0,0,1,0,60.0,2.0,2.0
419,0,3,24.15,0,10.0,0,1,2,30.0,2.0,1.0
420,0,3,7.8958,1,25.0,0,2,0,75.0,3.0,2.0
421,0,3,7.7333,1,21.0,0,3,0,63.0,3.0,2.0
422,0,3,7.875,1,29.0,0,1,0,87.0,3.0,2.0
423,0,3,14.4,0,28.0,0,1,2,84.0,2.0,2.0
424,0,3,20.2125,1,18.0,0,1,2,54.0,2.0,2.0
425,0,3,7.25,1,25.0,0,1,0,75.0,3.0,2.0
426,1,2,26.0,0,28.0,0,1,1,56.0,2.0,2.0
427,1,2,26.0,0,19.0,0,1,0,38.0,2.0,2.0
428,0,3,7.75,1,25.0,0,3,0,75.0,3.0,2.0
429,1,3,8.05,1,32.0,1,1,0,96.0,3.0,2.0
430,1,1,26.55,1,28.0,1,1,0,28.0,2.0,2.0
431,1,3,16.1,0,21.5,0,1,1,64.5,2.0,2.0
432,1,2,26.0,0,42.0,0,1,1,84.0,2.0,3.0
433,0,3,7.125,1,17.0,0,1,0,51.0,3.0,2.0
434,0,1,55.9,1,50.0,1,1,1,50.0,2.0,3.0
435,1,1,120.0,0,14.0,1,1,3,14.0,1.0,1.0
436,0,3,34.375,0,21.0,0,1,4,63.0,2.0,2.0
437,1,2,18.75,0,24.0,0,1,5,48.0,2.0,2.0
438,0,1,263.0,1,64.0,1,1,5,64.0,1.0,3.0
439,0,2,10.5,1,31.0,0,1,0,62.0,2.0,2.0
440,1,2,26.25,0,45.0,0,1,2,90.0,2.0,3.0
441,0,3,9.5,1,20.0,0,1,0,60.0,3.0,2.0
442,0,3,7.775,1,25.0,0,1,1,75.0,3.0,2.0
443,1,2,13.0,0,28.0,0,1,0,56.0,2.0,2.0
444,1,3,8.1125,1,25.0,0,1,0,75.0,3.0,2.0
445,1,1,81.8583,1,4.0,1,1,2,4.0,1.0,1.0
446,1,2,19.5,0,13.0,0,1,1,26.0,2.0,1.0
447,1,1,26.55,1,34.0,0,1,0,34.0,2.0,2.0
448,1,3,19.2583,0,5.0,0,2,3,15.0,2.0,1.0
449,1,1,30.5,1,52.0,1,1,0,52.0,2.0,3.0
450,0,2,27.75,1,36.0,0,1,3,72.0,2.0,3.0
451,0,3,19.9667,1,25.0,0,1,1,75.0,2.0,2.0
452,0,1,27.75,1,30.0,1,2,0,30.0,2.0,2.0
453,1,1,89.1042,1,49.0,1,2,1,49.0,1.0,3.0
454,0,3,8.05,1,25.0,0,1,0,75.0,3.0,2.0
455,1,3,7.8958,1,29.0,0,2,0,87.0,3.0,2.0
456,0,1,26.55,1,65.0,1,1,0,65.0,2.0,3.0
457,1,1,51.8625,0,35.0,1,1,1,35.0,2.0,2.0
458,1,2,10.5,0,50.0,0,1,0,100.0,2.0,3.0
459,0,3,7.75,1,25.0,0,3,0,75.0,3.0,2.0
460,1,1,26.55,1,48.0,1,1,0,48.0,2.0,3.0
461,0,3,8.05,1,34.0,0,1,0,102.0,3.0,2.0
462,0,1,38.5,1,47.0,1,1,0,47.0,2.0,3.0
463,0,2,13.0,1,48.0,0,1,0,96.0,2.0,3.0
464,0,3,8.05,1,25.0,0,1,0,75.0,3.0,2.0
465,0,3,7.05,1,38.0,0,1,0,114.0,3.0,3.0
466,0,2,0.0,1,30.0,0,1,0,60.0,3.0,2.0
467,0,1,26.55,1,56.0,0,1,0,56.0,2.0,3.0
468,0,3,7.725,1,25.0,0,3,0,75.0,3.0,2.0
469,1,3,19.2583,0,0.75,0,2,3,2.25,2.0,1.0
470,0,3,7.25,1,25.0,0,1,0,75.0,3.0,2.0
471,0,3,8.6625,1,38.0,0,1,0,114.0,3.0,3.0
472,1,2,27.75,0,33.0,0,1,3,66.0,2.0,2.0
473,1,2,13.7917,0,23.0,1,2,0,46.0,2.0,2.0
474,0,3,9.8375,0,22.0,0,1,0,66.0,3.0,2.0
475,0,1,52.0,1,40.0,1,1,0,40.0,2.0,3.0
476,0,2,21.0,1,34.0,0,1,1,68.0,2.0,2.0
477,0,3,7.0458,1,29.0,0,1,1,87.0,3.0,2.0
478,0,3,7.5208,1,22.0,0,1,0,66.0,3.0,2.0
479,1,3,12.2875,0,2.0,0,1,1,6.0,2.0,1.0
480,0,3,46.9,1,9.0,0,1,7,27.0,2.0,1.0
481,0,2,0.0,1,30.0,0,1,0,60.0,3.0,2.0
482,0,3,8.05,1,50.0,0,1,0,150.0,3.0,3.0
483,1,3,9.5875,0,63.0,0,1,0,189.0,3.0,3.0
484,1,1,91.0792,1,25.0,1,2,1,25.0,1.0,2.0
485,0,3,25.4667,0,21.5,0,1,4,64.5,2.0,2.0
486,1,1,90.0,0,35.0,1,1,1,35.0,1.0,2.0
487,0,1,29.7,1,58.0,1,2,0,58.0,2.0,3.0
488,0,3,8.05,1,30.0,0,1,0,90.0,3.0,2.0
489,1,3,15.9,1,9.0,0,1,2,27.0,2.0,1.0
490,0,3,19.9667,1,25.0,0,1,1,75.0,2.0,2.0
491,0,3,7.25,1,21.0,0,1,0,63.0,3.0,2.0
492,0,1,30.5,1,55.0,1,1,0,55.0,2.0,3.0
493,0,1,49.5042,1,71.0,0,2,0,71.0,2.0,3.0
494,0,3,8.05,1,21.0,0,1,0,63.0,3.0,2.0
495,0,3,14.4583,1,25.0,0,2,0,75.0,2.0,2.0
496,1,1,78.2667,0,54.0,1,2,1,54.0,1.0,3.0
497,0,3,15.1,1,25.0,0,1,0,75.0,2.0,2.0
498,0,1,151.55,0,25.0,1,1,3,25.0,1.0,2.0
499,0,3,7.7958,1,24.0,0,1,0,72.0,3.0,2.0
500,0,3,8.6625,1,17.0,0,1,0,51.0,3.0,2.0
501,0,3,7.75,0,21.0,0,3,0,63.0,3.0,2.0
502,0,3,7.6292,0,21.5,0,3,0,64.5,3.0,2.0
503,0,3,9.5875,0,37.0,0,1,0,111.0,3.0,3.0
504,1,1,86.5,0,16.0,1,1,0,16.0,1.0,2.0
505,0,1,108.9,1,18.0,1,2,1,18.0,1.0,2.0
506,1,2,26.0,0,33.0,0,1,2,66.0,2.0,2.0
507,1,1,26.55,1,40.0,0,1,0,40.0,2.0,3.0
508,0,3,22.525,1,28.0,0,1,0,84.0,2.0,2.0
509,1,3,56.4958,1,26.0,0,1,0,78.0,2.0,2.0
510,1,3,7.75,1,29.0,0,3,0,87.0,3.0,2.0
511,0,3,8.05,1,25.0,0,1,0,75.0,3.0,2.0
512,1,1,26.2875,1,36.0,1,1,0,36.0,2.0,3.0
513,1,1,59.4,0,54.0,0,2,1,54.0,2.0,3.0
514,0,3,7.4958,1,24.0,0,1,0,72.0,3.0,2.0
515,0,1,34.0208,1,47.0,1,1,0,47.0,2.0,3.0
516,1,2,10.5,0,34.0,1,1,0,68.0,2.0,2.0
517,0,3,24.15,1,25.0,0,3,0,75.0,2.0,2.0
518,1,2,26.0,0,36.0,0,1,1,72.0,2.0,3.0
519,0,3,7.8958,1,32.0,0,1,0,96.0,3.0,2.0
520,1,1,93.5,0,30.0,1,1,0,30.0,1.0,2.0
521,0,3,7.8958,1,22.0,0,1,0,66.0,3.0,2.0
522,0,3,7.225,1,25.0,0,2,0,75.0,3.0,2.0
523,1,1,57.9792,0,44.0,1,2,1,44.0,2.0,3.0
524,0,3,7.2292,1,25.0,0,2,0,75.0,3.0,2.0
525,0,3,7.75,1,40.5,0,3,0,121.5,3.0,3.0
526,1,2,10.5,0,50.0,0,1,0,100.0,2.0,3.0
527,0,1,221.7792,1,40.0,1,1,0,40.0,1.0,3.0
528,0,3,7.925,1,39.0,0,1,0,117.0,3.0,3.0
529,0,2,11.5,1,23.0,0,1,3,46.0,2.0,2.0
530,1,2,26.0,0,2.0,0,1,2,4.0,2.0,1.0
531,0,3,7.2292,1,25.0,0,2,0,75.0,3.0,2.0
532,0,3,7.2292,1,17.0,0,2,2,51.0,3.0,2.0
533,1,3,22.3583,0,21.5,0,2,2,64.5,2.0,2.0
534,0,3,8.6625,0,30.0,0,1,0,90.0,3.0,2.0
535,1,2,26.25,0,7.0,0,1,2,14.0,2.0,1.0
536,0,1,26.55,1,45.0,1,1,0,45.0,2.0,3.0
537,1,1,106.425,0,30.0,0,2,0,30.0,1.0,2.0
538,0,3,14.5,1,25.0,0,1,0,75.0,2.0,2.0
539,1,1,49.5,0,22.0,1,2,2,22.0,2.0,2.0
540,1,1,71.0,0,36.0,1,1,2,36.0,1.0,3.0
541,0,3,31.275,0,9.0,0,1,6,27.0,2.0,1.0
542,0,3,31.275,0,11.0,0,1,6,33.0,2.0,1.0
543,1,2,26.0,1,32.0,0,1,1,64.0,2.0,2.0
544,0,1,106.425,1,50.0,1,2,1,50.0,1.0,3.0
545,0,1,26.0,1,64.0,0,1,0,64.0,2.0,3.0
546,1,2,26.0,0,19.0,0,1,1,38.0,2.0,2.0
547,1,2,13.8625,1,30.0,0,2,0,60.0,2.0,2.0
548,0,3,20.525,1,33.0,0,1,2,99.0,2.0,2.0
549,1,2,36.75,1,8.0,0,1,2,16.0,2.0,1.0
550,1,1,110.8833,1,17.0,1,2,2,17.0,1.0,2.0
551,0,2,26.0,1,27.0,0,1,0,54.0,2.0,2.0
552,0,3,7.8292,1,25.0,0,3,0,75.0,3.0,2.0
553,1,3,7.225,1,22.0,0,2,0,66.0,3.0,2.0
554,1,3,7.775,0,22.0,0,1,0,66.0,3.0,2.0
555,0,1,26.55,1,62.0,0,1,0,62.0,2.0,3.0
556,1,1,39.6,0,48.0,1,2,1,48.0,2.0,3.0
557,0,1,227.525,1,40.0,0,2,0,40.0,1.0,3.0
558,1,1,79.65,0,39.0,1,1,2,39.0,1.0,3.0
559,1,3,17.4,0,36.0,0,1,1,108.0,2.0,3.0
560,0,3,7.75,1,25.0,0,3,0,75.0,3.0,2.0
561,0,3,7.8958,1,40.0,0,1,0,120.0,3.0,3.0
562,0,2,13.5,1,28.0,0,1,0,56.0,2.0,2.0
563,0,3,8.05,1,25.0,0,1,0,75.0,3.0,2.0
564,0,3,8.05,0,21.5,0,1,0,64.5,3.0,2.0
565,0,3,24.15,1,24.0,0,1,2,72.0,2.0,2.0
566,0,3,7.8958,1,19.0,0,1,0,57.0,3.0,2.0
567,0,3,21.075,0,29.0,0,1,4,87.0,2.0,2.0
568,0,3,7.2292,1,25.0,0,2,0,75.0,3.0,2.0
569,1,3,7.8542,1,32.0,0,1,0,96.0,3.0,2.0
570,1,2,10.5,1,62.0,0,1,0,124.0,2.0,3.0
571,1,1,51.4792,0,53.0,1,1,2,53.0,2.0,3.0
572,1,1,26.3875,1,36.0,1,1,0,36.0,2.0,3.0
573,1,3,7.75,0,21.5,0,3,0,64.5,3.0,2.0
574,0,3,8.05,1,16.0,0,1,0,48.0,3.0,2.0
575,0,3,14.5,1,19.0,0,1,0,57.0,2.0,2.0
576,1,2,13.0,0,34.0,0,1,0,68.0,2.0,2.0
577,1,1,55.9,0,39.0,1,1,1,39.0,2.0,3.0
578,0,3,14.4583,0,21.5,0,2,1,64.5,2.0,2.0
579,1,3,7.925,1,32.0,0,1,0,96.0,3.0,2.0
580,1,2,30.0,0,25.0,0,1,2,50.0,2.0,2.0
581,1,1,110.8833,0,39.0,1,2,2,39.0,1.0,3.0
582,0,2,26.0,1,54.0,0,1,0,108.0,2.0,3.0
583,0,1,40.125,1,36.0,1,2,0,36.0,2.0,3.0
584,0,3,8.7125,1,25.0,0,2,0,75.0,3.0,2.0
585,1,1,79.65,0,18.0,1,1,2,18.0,1.0,2.0
586,0,2,15.0,1,47.0,0,1,0,94.0,2.0,3.0
587,1,1,79.2,1,60.0,1,2,2,60.0,1.0,3.0
588,0,3,8.05,1,22.0,0,1,0,66.0,3.0,2.0
589,0,3,8.05,1,25.0,0,1,0,75.0,3.0,2.0
590,0,3,7.125,1,35.0,0,1,0,105.0,3.0,2.0
591,1,1,78.2667,0,52.0,1,2,1,52.0,1.0,3.0
592,0,3,7.25,1,47.0,0,1,0,141.0,3.0,3.0
593,0,3,7.75,0,21.5,0,3,2,64.5,3.0,2.0
594,0,2,26.0,1,37.0,0,1,1,74.0,2.0,3.0
595,0,3,24.15,1,36.0,0,1,2,108.0,2.0,3.0
596,1,2,33.0,0,28.0,0,1,0,56.0,2.0,2.0
597,0,3,0.0,1,49.0,0,1,0,147.0,3.0,3.0
598,0,3,7.225,1,25.0,0,2,0,75.0,3.0,2.0
599,1,1,56.9292,1,49.0,1,2,1,49.0,2.0,3.0
600,1,2,27.0,0,24.0,0,1,3,48.0,2.0,2.0
601,0,3,7.8958,1,25.0,0,1,0,75.0,3.0,2.0
602,0,1,42.4,1,40.0,0,1,0,40.0,2.0,3.0
603,0,3,8.05,1,44.0,0,1,0,132.0,3.0,3.0
604,1,1,26.55,1,35.0,0,2,0,35.0,2.0,2.0
605,0,3,15.55,1,36.0,0,1,1,108.0,2.0,3.0
606,0,3,7.8958,1,30.0,0,1,0,90.0,3.0,2.0
607,1,1,30.5,1,27.0,0,1,0,27.0,2.0,2.0
608,1,2,41.5792,0,22.0,0,2,3,44.0,2.0,2.0
609,1,1,153.4625,0,40.0,1,1,0,40.0,1.0,3.0
610,0,3,31.275,0,39.0,0,1,6,117.0,2.0,3.0
611,0,3,7.05,1,25.0,0,1,0,75.0,3.0,2.0
612,1,3,15.5,0,21.5,0,3,1,64.5,2.0,2.0
613,0,3,7.75,1,25.0,0,3,0,75.0,3.0,2.0
614,0,3,8.05,1,35.0,0,1,0,105.0,3.0,2.0
615,1,2,65.0,0,24.0,0,1,3,48.0,2.0,2.0
616,0,3,14.4,1,34.0,0,1,2,102.0,2.0,2.0
617,0,3,16.1,0,26.0,0,1,1,78.0,2.0,2.0
618,1,2,39.0,0,4.0,1,1,3,8.0,2.0,1.0
619,0,2,10.5,1,26.0,0,1,0,52.0,2.0,2.0
620,0,3,14.4542,1,27.0,0,2,1,81.0,2.0,2.0
621,1,1,52.5542,1,42.0,1,1,1,42.0,2.0,3.0
622,1,3,15.7417,1,20.0,0,2,2,60.0,2.0,2.0
623,0,3,7.8542,1,21.0,0,1,0,63.0,3.0,2.0
624,0,3,16.1,1,21.0,0,1,0,63.0,2.0,2.0
625,0,1,32.3208,1,61.0,1,1,0,61.0,2.0,3.0
626,0,2,12.35,1,57.0,0,3,0,114.0,2.0,3.0
627,1,1,77.9583,0,21.0,1,1,0,21.0,1.0,2.0
628,0,3,7.8958,1,26.0,0,1,0,78.0,3.0,2.0
629,0,3,7.7333,1,25.0,0,3,0,75.0,3.0,2.0
630,1,1,30.0,1,80.0,1,1,0,80.0,2.0,3.0
631,0,3,7.0542,1,51.0,0,1,0,153.0,3.0,3.0
632,1,1,30.5,1,32.0,1,2,0,32.0,2.0,2.0
633,0,1,0.0,1,40.0,0,1,0,40.0,3.0,3.0
634,0,3,27.9,0,9.0,0,1,5,27.0,2.0,1.0
635,1,2,13.0,0,28.0,0,1,0,56.0,2.0,2.0
636,0,3,7.925,1,32.0,0,1,0,96.0,3.0,2.0
637,0,2,26.25,1,31.0,0,1,2,62.0,2.0,2.0
638,0,3,39.6875,0,41.0,0,1,5,123.0,2.0,3.0
639,0,3,16.1,1,25.0,0,1,1,75.0,2.0,2.0
640,0,3,7.8542,1,20.0,0,1,0,60.0,3.0,2.0
641,1,1,69.3,0,24.0,1,2,0,24.0,2.0,2.0
642,0,3,27.9,0,2.0,0,1,5,6.0,2.0,1.0
643,1,3,56.4958,1,25.0,0,1,0,75.0,2.0,2.0
644,1,3,19.2583,0,0.75,0,2,3,2.25,2.0,1.0
645,1,1,76.7292,1,48.0,1,2,1,48.0,1.0,3.0
646,0,3,7.8958,1,19.0,0,1,0,57.0,3.0,2.0
647,1,1,35.5,1,56.0,1,2,0,56.0,2.0,3.0
648,0,3,7.55,1,25.0,0,1,0,75.0,3.0,2.0
649,1,3,7.55,0,23.0,0,1,0,69.0,3.0,2.0
650,0,3,7.8958,1,25.0,0,1,0,75.0,3.0,2.0
651,1,2,23.0,0,18.0,0,1,1,36.0,2.0,2.0
652,0,3,8.4333,1,21.0,0,1,0,63.0,3.0,2.0
653,1,3,7.8292,0,21.5,0,3,0,64.5,3.0,2.0
654,0,3,6.75,0,18.0,0,3,0,54.0,3.0,2.0
655,0,2,73.5,1,24.0,0,1,2,48.0,1.0,2.0
656,0,3,7.8958,1,25.0,0,1,0,75.0,3.0,2.0
657,0,3,15.5,0,32.0,0,3,2,96.0,2.0,2.0
658,0,2,13.0,1,23.0,0,1,0,46.0,2.0,2.0
659,0,1,113.275,1,58.0,1,2,2,58.0,1.0,3.0
660,1,1,133.65,1,50.0,0,1,2,50.0,1.0,3.0
661,0,3,7.225,1,40.0,0,2,0,120.0,3.0,3.0
662,0,1,25.5875,1,47.0,1,1,0,47.0,2.0,3.0
663,0,3,7.4958,1,36.0,0,1,0,108.0,3.0,3.0
664,1,3,7.925,1,20.0,0,1,1,60.0,3.0,2.0
665,0,2,73.5,1,32.0,0,1,2,64.0,1.0,2.0
666,0,2,13.0,1,25.0,0,1,0,50.0,2.0,2.0
667,0,3,7.775,1,25.0,0,1,0,75.0,3.0,2.0
668,0,3,8.05,1,43.0,0,1,0,129.0,3.0,3.0
669,1,1,52.0,0,35.0,1,1,1,35.0,2.0,2.0
670,1,2,39.0,0,40.0,0,1,2,80.0,2.0,3.0
671,0,1,52.0,1,31.0,1,1,1,31.0,2.0,2.0
672,0,2,10.5,1,70.0,0,1,0,140.0,2.0,3.0
673,1,2,13.0,1,31.0,0,1,0,62.0,2.0,2.0
674,0,2,0.0,1,30.0,0,1,0,60.0,3.0,2.0
675,0,3,7.775,1,18.0,0,1,0,54.0,3.0,2.0
676,0,3,8.05,1,24.5,0,1,0,73.5,3.0,2.0
677,1,3,9.8417,0,18.0,0,1,0,54.0,3.0,2.0
678,0,3,46.9,0,43.0,0,1,7,129.0,2.0,3.0
679,1,1,512.3292,1,36.0,1,2,1,36.0,1.0,3.0
680,0,3,8.1375,0,21.5,0,3,0,64.5,3.0,2.0
681,1,1,76.7292,1,27.0,1,2,0,27.0,1.0,2.0
682,0,3,9.225,1,20.0,0,1,0,60.0,3.0,2.0
683,0,3,46.9,1,14.0,0,1,7,42.0,2.0,1.0
684,0,2,39.0,1,60.0,0,1,2,120.0,2.0,3.0
685,0,2,41.5792,1,25.0,0,2,3,50.0,2.0,2.0
686,0,3,39.6875,1,14.0,0,1,5,42.0,2.0,1.0
687,0,3,10.1708,1,19.0,0,1,0,57.0,2.0,2.0
688,0,3,7.7958,1,18.0,0,1,0,54.0,3.0,2.0
689,1,1,211.3375,0,15.0,1,1,1,15.0,1.0,1.0
690,1,1,57.0,1,31.0,1,1,1,31.0,2.0,2.0
691,1,3,13.4167,0,4.0,0,2,1,12.0,2.0,1.0
692,1,3,56.4958,1,25.0,0,1,0,75.0,2.0,2.0
693,0,3,7.225,1,25.0,0,2,0,75.0,3.0,2.0
694,0,1,26.55,1,60.0,0,1,0,60.0,2.0,3.0
695,0,2,13.5,1,52.0,0,1,0,104.0,2.0,3.0
696,0,3,8.05,1,44.0,0,1,0,132.0,3.0,3.0
697,1,3,7.7333,0,21.5,0,3,0,64.5,3.0,2.0
698,0,1,110.8833,1,49.0,1,2,2,49.0,1.0,3.0
699,0,3,7.65,1,42.0,1,1,0,126.0,3.0,3.0
700,1,1,227.525,0,18.0,1,2,1,18.0,1.0,2.0
701,1,1,26.2875,1,35.0,1,1,0,35.0,2.0,2.0
702,0,3,14.4542,0,18.0,0,2,1,54.0,2.0,2.0
703,0,3,7.7417,1,25.0,0,3,0,75.0,3.0,2.0
704,0,3,7.8542,1,26.0,0,1,1,78.0,3.0,2.0
705,0,2,26.0,1,39.0,0,1,0,78.0,2.0,3.0
706,1,2,13.5,0,45.0,0,1,0,90.0,2.0,3.0
707,1,1,26.2875,1,42.0,1,1,0,42.0,2.0,3.0
708,1,1,151.55,0,22.0,0,1,0,22.0,1.0,2.0
709,1,3,15.2458,1,25.0,0,2,2,75.0,2.0,2.0
710,1,1,49.5042,0,24.0,1,2,0,24.0,2.0,2.0
711,0,1,26.55,1,40.0,1,1,0,40.0,2.0,3.0
712,1,1,52.0,1,48.0,1,1,1,48.0,2.0,3.0
713,0,3,9.4833,1,29.0,0,1,0,87.0,3.0,2.0
714,0,2,13.0,1,52.0,0,1,0,104.0,2.0,3.0
715,0,3,7.65,1,19.0,1,1,0,57.0,3.0,2.0
716,1,1,227.525,0,38.0,1,2,0,38.0,1.0,3.0
717,1,2,10.5,0,27.0,1,1,0,54.0,2.0,2.0
718,0,3,15.5,1,25.0,0,3,0,75.0,2.0,2.0
719,0,3,7.775,1,33.0,0,1,0,99.0,3.0,2.0
720,1,2,33.0,0,6.0,0,1,1,12.0,2.0,1.0
721,0,3,7.0542,1,17.0,0,1,1,51.0,3.0,2.0
722,0,2,13.0,1,34.0,0,1,0,68.0,2.0,2.0
723,0,2,13.0,1,50.0,0,1,0,100.0,2.0,3.0
724,1,1,53.1,1,27.0,1,1,1,27.0,2.0,2.0
725,0,3,8.6625,1,20.0,0,1,0,60.0,3.0,2.0
726,1,2,21.0,0,30.0,0,1,3,60.0,2.0,2.0
727,1,3,7.7375,0,21.5,0,3,0,64.5,3.0,2.0
728,0,2,26.0,1,25.0,0,1,1,50.0,2.0,2.0
729,0,3,7.925,0,25.0,0,1,1,75.0,3.0,2.0
730,1,1,211.3375,0,29.0,1,1,0,29.0,1.0,2.0
731,0,3,18.7875,1,11.0,0,2,0,33.0,2.0,1.0
732,0,2,0.0,1,30.0,0,1,0,60.0,3.0,2.0
733,0,2,13.0,1,23.0,0,1,0,46.0,2.0,2.0
734,0,2,13.0,1,23.0,0,1,0,46.0,2.0,2.0
735,0,3,16.1,1,28.5,0,1,0,85.5,2.0,2.0
736,0,3,34.375,0,48.0,0,1,4,144.0,2.0,3.0
737,1,1,512.3292,1,35.0,1,2,0,35.0,1.0,2.0
738,0,3,7.8958,1,25.0,0,1,0,75.0,3.0,2.0
739,0,3,7.8958,1,25.0,0,1,0,75.0,3.0,2.0
740,1,1,30.0,1,40.0,1,1,0,40.0,2.0,3.0
741,0,1,78.85,1,36.0,1,1,1,36.0,1.0,3.0
742,1,1,262.375,0,21.0,1,2,4,21.0,1.0,2.0
743,0,3,16.1,1,24.0,0,1,1,72.0,2.0,2.0
744,1,3,7.925,1,31.0,0,1,0,93.0,3.0,2.0
745,0,1,71.0,1,70.0,1,1,2,70.0,1.0,3.0
746,0,3,20.25,1,16.0,0,1,2,48.0,2.0,2.0
747,1,2,13.0,0,30.0,0,1,0,60.0,2.0,2.0
748,0,1,53.1,1,19.0,1,1,1,19.0,2.0,2.0
749,0,3,7.75,1,31.0,0,3,0,93.0,3.0,2.0
750,1,2,23.0,0,4.0,0,1,2,8.0,2.0,1.0
751,1,3,12.475,1,6.0,1,1,1,18.0,2.0,1.0
752,0,3,9.5,1,33.0,0,1,0,99.0,3.0,2.0
753,0,3,7.8958,1,23.0,0,1,0,69.0,3.0,2.0
754,1,2,65.0,0,48.0,0,1,3,96.0,2.0,3.0
755,1,2,14.5,1,0.67,0,1,2,1.34,2.0,1.0
756,0,3,7.7958,1,28.0,0,1,0,84.0,3.0,2.0
757,0,2,11.5,1,18.0,0,1,0,36.0,2.0,2.0
758,0,3,8.05,1,34.0,0,1,0,102.0,3.0,2.0
759,1,1,86.5,0,33.0,1,1,0,33.0,1.0,2.0
760,0,3,14.5,1,25.0,0,1,0,75.0,2.0,2.0
761,0,3,7.125,1,41.0,0,1,0,123.0,3.0,3.0
762,1,3,7.2292,1,20.0,0,2,0,60.0,3.0,2.0
763,1,1,120.0,0,36.0,1,1,3,36.0,1.0,3.0
764,0,3,7.775,1,16.0,0,1,0,48.0,3.0,2.0
765,1,1,77.9583,0,51.0,1,1,1,51.0,1.0,3.0
766,0,1,39.6,1,40.0,0,2,0,40.0,2.0,3.0
767,0,3,7.75,0,30.5,0,3,0,91.5,3.0,2.0
768,0,3,24.15,1,25.0,0,3,1,75.0,2.0,2.0
769,0,3,8.3625,1,32.0,0,1,0,96.0,3.0,2.0
770,0,3,9.5,1,24.0,0,1,0,72.0,3.0,2.0
771,0,3,7.8542,1,48.0,0,1,0,144.0,3.0,3.0
772,0,2,10.5,0,57.0,1,1,0,114.0,2.0,3.0
773,0,3,7.225,1,25.0,0,2,0,75.0,3.0,2.0
774,1,2,23.0,0,54.0,0,1,4,108.0,2.0,3.0
775,0,3,7.75,1,18.0,0,1,0,54.0,3.0,2.0
776,0,3,7.75,1,25.0,1,3,0,75.0,3.0,2.0
777,1,3,12.475,0,5.0,0,1,0,15.0,2.0,1.0
778,0,3,7.7375,1,25.0,0,3,0,75.0,3.0,2.0
779,1,1,211.3375,0,43.0,1,1,1,43.0,1.0,3.0
780,1,3,7.2292,0,13.0,0,2,0,39.0,3.0,1.0
781,1,1,57.0,0,17.0,1,1,1,17.0,2.0,2.0
782,0,1,30.0,1,29.0,1,1,0,29.0,2.0,2.0
783,0,3,23.45,1,25.0,0,1,3,75.0,2.0,2.0
784,0,3,7.05,1,25.0,0,1,0,75.0,3.0,2.0
785,0,3,7.25,1,25.0,0,1,0,75.0,3.0,2.0
786,1,3,7.4958,0,18.0,0,1,0,54.0,3.0,2.0
787,0,3,29.125,1,8.0,0,3,5,24.0,2.0,1.0
788,1,3,20.575,1,1.0,0,1,3,3.0,2.0,1.0
789,0,1,79.2,1,46.0,1,2,0,46.0,1.0,3.0
790,0,3,7.75,1,25.0,0,3,0,75.0,3.0,2.0
791,0,2,26.0,1,16.0,0,1,0,32.0,2.0,2.0
792,0,3,69.55,0,21.5,0,1,10,64.5,2.0,2.0
793,0,1,30.6958,1,40.0,0,2,0,40.0,2.0,3.0
794,0,3,7.8958,1,25.0,0,1,0,75.0,3.0,2.0
795,0,2,13.0,1,39.0,0,1,0,78.0,2.0,3.0
796,1,1,25.9292,0,49.0,1,1,0,49.0,2.0,3.0
797,1,3,8.6833,0,31.0,0,1,0,93.0,3.0,2.0
798,0,3,7.2292,1,30.0,0,2,0,90.0,3.0,2.0
799,0,3,24.15,0,30.0,0,1,2,90.0,2.0,2.0
800,0,2,13.0,1,34.0,0,1,0,68.0,2.0,2.0
801,1,2,26.25,0,31.0,0,1,2,62.0,2.0,2.0
802,1,1,120.0,1,11.0,1,1,3,11.0,1.0,1.0
803,1,3,8.5167,1,0.42,0,2,1,1.26,3.0,1.0
804,1,3,6.975,1,27.0,0,1,0,81.0,3.0,2.0
805,0,3,7.775,1,31.0,0,1,0,93.0,3.0,2.0
806,0,1,0.0,1,39.0,1,1,0,39.0,3.0,3.0
807,0,3,7.775,0,18.0,0,1,0,54.0,3.0,2.0
808,0,2,13.0,1,39.0,0,1,0,78.0,2.0,3.0
809,1,1,53.1,0,33.0,1,1,1,33.0,2.0,2.0
810,0,3,7.8875,1,26.0,0,1,0,78.0,3.0,2.0
811,0,3,24.15,1,39.0,0,1,0,117.0,2.0,3.0
812,0,2,10.5,1,35.0,0,1,0,70.0,2.0,2.0
813,0,3,31.275,0,6.0,0,1,6,18.0,2.0,1.0
814,0,3,8.05,1,30.5,0,1,0,91.5,3.0,2.0
815,0,1,0.0,1,40.0,1,1,0,40.0,3.0,3.0
816,0,3,7.925,0,23.0,0,1,0,69.0,3.0,2.0
817,0,2,37.0042,1,31.0,0,2,2,62.0,2.0,2.0
818,0,3,6.45,1,43.0,0,1,0,129.0,3.0,3.0
819,0,3,27.9,1,10.0,0,1,5,30.0,2.0,1.0
820,1,1,93.5,0,52.0,1,1,2,52.0,1.0,3.0
821,1,3,8.6625,1,27.0,0,1,0,81.0,3.0,2.0
822,0,1,0.0,1,38.0,0,1,0,38.0,3.0,3.0
823,1,3,12.475,0,27.0,1,1,1,81.0,2.0,2.0
824,0,3,39.6875,1,2.0,0,1,5,6.0,2.0,1.0
825,0,3,6.95,1,25.0,0,3,0,75.0,3.0,2.0
826,0,3,56.4958,1,25.0,0,1,0,75.0,2.0,2.0
827,1,2,37.0042,1,1.0,0,2,2,2.0,2.0,1.0
828,1,3,7.75,1,25.0,0,3,0,75.0,3.0,2.0
829,1,1,80.0,0,62.0,1,1,0,62.0,1.0,3.0
830,1,3,14.4542,0,15.0,0,2,1,45.0,2.0,1.0
831,1,2,18.75,1,0.83,0,1,2,1.66,2.0,1.0
832,0,3,7.2292,1,25.0,0,2,0,75.0,3.0,2.0
833,0,3,7.8542,1,23.0,0,1,0,69.0,3.0,2.0
834,0,3,8.3,1,18.0,0,1,0,54.0,3.0,2.0
835,1,1,83.1583,0,39.0,1,2,2,39.0,1.0,3.0
836,0,3,8.6625,1,21.0,0,1,0,63.0,3.0,2.0
837,0,3,8.05,1,25.0,0,1,0,75.0,3.0,2.0
838,1,3,56.4958,1,32.0,0,1,0,96.0,2.0,2.0
839,1,1,29.7,1,40.0,1,2,0,40.0,2.0,3.0
840,0,3,7.925,1,20.0,0,1,0,60.0,3.0,2.0
841,0,2,10.5,1,16.0,0,1,0,32.0,2.0,2.0
842,1,1,31.0,0,30.0,0,2,0,30.0,2.0,2.0
843,0,3,6.4375,1,34.5,0,2,0,103.5,3.0,2.0
844,0,3,8.6625,1,17.0,0,1,0,51.0,3.0,2.0
845,0,3,7.55,1,42.0,0,1,0,126.0,3.0,3.0
846,0,3,69.55,1,25.0,0,1,10,75.0,2.0,2.0
847,0,3,7.8958,1,35.0,0,2,0,105.0,3.0,2.0
848,0,2,33.0,1,28.0,0,1,1,56.0,2.0,2.0
849,1,1,89.1042,0,35.0,1,2,1,35.0,1.0,2.0
850,0,3,31.275,1,4.0,0,1,6,12.0,2.0,1.0
851,0,3,7.775,1,74.0,0,1,0,222.0,3.0,3.0
852,0,3,15.2458,0,9.0,0,2,2,27.0,2.0,1.0
853,1,1,39.4,0,16.0,1,1,1,16.0,2.0,2.0
854,0,2,26.0,0,44.0,0,1,1,88.0,2.0,3.0
855,1,3,9.35,0,18.0,0,1,1,54.0,3.0,2.0
856,1,1,164.8667,0,45.0,0,1,2,45.0,1.0,3.0
857,1,1,26.55,1,51.0,1,1,0,51.0,2.0,3.0
858,1,3,19.2583,0,24.0,0,2,3,72.0,2.0,2.0
859,0,3,7.2292,1,25.0,0,2,0,75.0,3.0,2.0
860,0,3,14.1083,1,41.0,0,1,2,123.0,2.0,3.0
861,0,2,11.5,1,21.0,0,1,1,42.0,2.0,2.0
862,1,1,25.9292,0,48.0,1,1,0,48.0,2.0,3.0
863,0,3,69.55,0,21.5,0,1,10,64.5,2.0,2.0
864,0,2,13.0,1,24.0,0,1,0,48.0,2.0,2.0
865,1,2,13.0,0,42.0,0,1,0,84.0,2.0,3.0
866,1,2,13.8583,0,27.0,0,2,1,54.0,2.0,2.0
867,0,1,50.4958,1,31.0,1,1,0,31.0,2.0,2.0
868,0,3,9.5,1,25.0,0,1,0,75.0,3.0,2.0
869,1,3,11.1333,1,4.0,0,1,2,12.0,2.0,1.0
870,0,3,7.8958,1,26.0,0,1,0,78.0,3.0,2.0
871,1,1,52.5542,0,47.0,1,1,2,47.0,2.0,3.0
872,0,1,5.0,1,33.0,1,1,0,33.0,3.0,2.0
873,0,3,9.0,1,47.0,0,1,0,141.0,3.0,3.0
874,1,2,24.0,0,28.0,0,2,1,56.0,2.0,2.0
875,1,3,7.225,0,15.0,0,2,0,45.0,3.0,1.0
876,0,3,9.8458,1,20.0,0,1,0,60.0,3.0,2.0
877,0,3,7.8958,1,19.0,0,1,0,57.0,3.0,2.0
878,0,3,7.8958,1,25.0,0,1,0,75.0,3.0,2.0
879,1,1,83.1583,0,56.0,1,2,1,56.0,1.0,3.0
880,1,2,26.0,0,25.0,0,1,1,50.0,2.0,2.0
881,0,3,7.8958,1,33.0,0,1,0,99.0,3.0,2.0
882,0,3,10.5167,0,22.0,0,1,0,66.0,2.0,2.0
883,0,2,10.5,1,28.0,0,1,0,56.0,2.0,2.0
884,0,3,7.05,1,25.0,0,1,0,75.0,3.0,2.0
885,0,3,29.125,0,39.0,0,3,5,117.0,2.0,3.0
886,0,2,13.0,1,27.0,0,1,0,54.0,2.0,2.0
887,1,1,30.0,0,19.0,1,1,0,19.0,2.0,2.0
888,0,3,23.45,0,21.5,0,1,3,64.5,2.0,2.0
889,1,1,30.0,1,26.0,1,2,0,26.0,2.0,2.0
890,0,3,7.75,1,32.0,0,3,0,96.0,3.0,2.0
